Pathogenic,SOD1
FALSE,-1.037509393
FALSE,-1.128005219
FALSE,-0.867753397
FALSE,-0.90665844
FALSE,-0.822649956
TRUE,1.314601815
TRUE,1.84197353
FALSE,-0.966876833
FALSE,-0.678624061
FALSE,-0.915344238
TRUE,-0.203214626
FALSE,-0.829295521
FALSE,-1.043755808
FALSE,-0.747078488
FALSE,-1.110909098
FALSE,-0.864164268
FALSE,-1.119107669
TRUE,-0.700904549
FALSE,-1.221174158
FALSE,-0.410748799
FALSE,-0.411579193
FALSE,-0.982201367
FALSE,-0.83413116
FALSE,-1.170481833
FALSE,-0.943421333
FALSE,-0.940949697
FALSE,-0.878607846
FALSE,-0.657206386
FALSE,-1.207444489
FALSE,-0.481918493
FALSE,-0.991857955
TRUE,1.130799829
FALSE,-1.04516732
FALSE,-1.034215028
FALSE,-0.962772401
FALSE,-0.990067553
FALSE,1.503884104
FALSE,-0.728159909
TRUE,-0.896252661
FALSE,-0.854926279
FALSE,-0.723530349
FALSE,-0.626815843
FALSE,-1.281935688
FALSE,1.444800893
FALSE,0.318245072
FALSE,-1.028677289
FALSE,-0.84359504
FALSE,-1.023055268
FALSE,-0.973331596
FALSE,-0.470800559
FALSE,-0.895431167
FALSE,-1.011322607
TRUE,1.337969241
FALSE,-0.486507653
FALSE,0.410444593
TRUE,0.033106802
TRUE,1.527982808
TRUE,0.109932107
FALSE,-0.932032961
FALSE,-0.843527218
FALSE,-1.011732109
TRUE,0.051921727
FALSE,-0.625077624
FALSE,-0.778081892
TRUE,1.478279192
FALSE,-1.194972071
TRUE,-0.911914214
FALSE,1.883296405
FALSE,-0.861369748
TRUE,-0.19825748
FALSE,-0.895856276
FALSE,-0.84168404
FALSE,-0.834290985
FALSE,-0.669869467
TRUE,-0.078882162
TRUE,0.3579354
TRUE,0.543844499
FALSE,-0.952964811
FALSE,-0.656351809
FALSE,-0.550788292
TRUE,1.433359242
TRUE,-0.706086424
TRUE,-1.038655289
TRUE,-0.837561234
FALSE,-0.573964253
TRUE,-0.202007775
FALSE,-0.943672151
FALSE,-0.754865813
FALSE,-0.409722976
FALSE,-0.804631366
FALSE,-1.184049429
FALSE,0.834518581
TRUE,-0.805718282
FALSE,-0.91679888
FALSE,-0.607415771
TRUE,0.832235085
FALSE,-0.859092568
FALSE,-0.950297178
FALSE,-1.113766304
FALSE,-0.816067226
FALSE,-0.498867106
FALSE,-0.75224719
FALSE,-0.949944879
FALSE,-0.69339709
FALSE,-0.900085599
FALSE,-0.610358241
FALSE,-0.510574236
FALSE,-1.153673519
FALSE,-1.148373113
FALSE,-0.785801896
FALSE,-1.100102579
FALSE,-0.541093018
FALSE,-1.443491226
FALSE,-0.817842417
FALSE,-0.976448751
FALSE,-1.123617449
FALSE,-1.066598955
FALSE,-0.79838003
FALSE,-1.161135516
TRUE,-0.925830321
TRUE,0.61464511
FALSE,-1.072254354
FALSE,1.00296195
FALSE,-0.874215169
FALSE,-1.006237827
FALSE,-0.935570071
FALSE,-0.552396302
FALSE,-0.440508056
